{
  "objective": "rank:pairwise",
  "eval_metric": "ndcg@3",
  "learning_rate": 0.022641389657079056,
  "max_depth": 14,
  "min_child_weight": 2,
  "subsample": 0.8842234913702768,
  "colsample_bytree": 0.45840689146263086,
  "gamma": 3.3084297630544888,
  "lambda": 6.952586917313028,
  "alpha": 0.6395254133055179,
  "seed": 42,
  "n_jobs": -1
}