split_label,hitrate
small,0.6554512635379062
medium,0.382876204595997
large,0.2987854251012146
xlarge,0.18731117824773413
overall,0.5819807883405101
