split_label,hitrate
small,0.6561359988326281
medium,0.3899184581171238
large,0.2582995951417004
xlarge,0.15709969788519637
overall,0.5796327212020034
