split_label,hitrate
small,0.805464480874317
medium,0.6198972171046252
large,0.38746766312158665
xlarge,0.2867063492063492
xxlarge,0.2310126582278481
overall,0.5714914452329868
