split_label,hitrate
small,0.6492101276779918
medium,0.38028169014084506
large,0.2987854251012146
xlarge,0.23564954682779457
overall,0.5777569371655541
