split_label,hitrate
small,0.6803928701345944
medium,0.407709414381023
large,0.29959514170040485
xlarge,0.2084592145015106
overall,0.6047531789660725
