split_label,hitrate
small,0.69884397319785
medium,0.40252038547071906
large,0.3117408906882591
xlarge,0.23564954682779457
overall,0.6186606892687028
