split_label,hitrate
small,0.6497260668973471
medium,0.3613787991104522
large,0.3060728744939271
xlarge,0.21450151057401812
overall,0.5754852227613586
