split_label,hitrate
small,0.6488078138465958
medium,0.38510007412898445
large,0.3020242914979757
xlarge,0.18126888217522658
overall,0.5776336045744447
