split_label,hitrate
small,0.7965793304221251
medium,0.6413264811403083
large,0.38056912906007473
xlarge,0.3333333333333333
xxlarge,0.24841772151898733
overall,0.5841584158415841
