split_label,hitrate
small,0.650935896509359
medium,0.3821349147516679
large,0.28825910931174087
xlarge,0.2175226586102719
overall,0.5781448538754765
