split_label,hitrate
small,0.6852042315603879
medium,0.39584877687175685
large,0.2979757085020243
xlarge,0.19637462235649547
overall,0.6056724099351085
